<?xml version="1.0" encoding="UTF-8"?>
<project-private xmlns="http://www.netbeans.org/ns/project-private/1">
    <editor-bookmarks xmlns="http://www.netbeans.org/ns/editor-bookmarks/2" lastBookmarkId="0"/>
    <open-files xmlns="http://www.netbeans.org/ns/projectui-open-files/2">
        <group>
            <file>file:/C:/Ignacio/Curso%202016-2017/EU/Practicas2016/Practica4/Practica4_2016_Alumnos/src/es/uv/eu/photeditor/PhotoEditor.java</file>
            <file>file:/C:/Ignacio/Curso%202016-2017/EU/Practicas2016/Practica4/Practica4_2016_Alumnos/src/es/uv/eu/photoeditor/model/PhotoEditorModel.java</file>
            <file>file:/C:/Ignacio/Curso%202016-2017/EU/Practicas2016/Practica4/Practica4_2016_Alumnos/src/es/uv/eu/photoeditor/view/LoadImage.java</file>
            <file>file:/C:/Ignacio/Curso%202016-2017/EU/Practicas2016/Practica4/Practica4_2016_Alumnos/src/es/uv/eu/photoeditor/view/SaveImage.java</file>
        </group>
    </open-files>
</project-private>
